
INSERT INTO Members VALUES('zaher@gmail.com','123456','Action')
INSERT INTO Members VALUES('tarek@gmail.com','123456','Sport')
INSERT INTO Members VALUES('ahmed@gmail.com','123456','Strategy')
INSERT INTO Members VALUES('amr@gmail.com','123456','RPG')
INSERT INTO Members VALUES('karim@gmail.com','123456','Action')
INSERT INTO Members VALUES('naguib@gmail.com','123456','Sport')
INSERT INTO Members VALUES('aly@gmail.com','123456','RPG')
INSERT INTO Members VALUES('shalaby@gmail.com','123456','Strategy')
INSERT INTO Members VALUES('abdo@gmail.com','123456788765432','RPG')
INSERT INTO Members VALUES('TWAM@gmail.com','123456788765432','RPG')


INSERT INTO Normal_Users VALUES('zaher@gmail.com','zaher','tarek','19951221')
INSERT INTO Normal_Users VALUES('tarek@gmail.com','tarek','abdelrahman','19800811')


INSERT INTO Verified_Reviewers VALUES('ahmed@gmail.com',10,'ahmed','souidan',1)
INSERT INTO Verified_Reviewers VALUES('amr@gmail.com',5,'amr','mostafa',0)
INSERT INTO Verified_Reviewers VALUES('karim@gmail.com',13,'karim','hossam',1)
INSERT INTO Verified_Reviewers VALUES('abdo@gmail.com',13,'abdo','ibrahim',0)

INSERT INTO Development_Teams VALUES('naguib@gmail.com','team_karim','ibm','19951214',1)
INSERT INTO Development_Teams VALUES('aly@gmail.com','team_karim','ibm','19920214',0)
INSERT INTO Development_Teams VALUES('shalaby@gmail.com','team_A','microsoft','18800102',1)
INSERT INTO Development_Teams VALUES('TWAM@gmail.com','team_B','microsoft','18800102',0)


INSERT INTO Gaming_Conferences VALUES('20150504','20150405','cairo','e3')
INSERT INTO Gaming_Conferences VALUES('20151104','20151005','alex','x2')
INSERT INTO Gaming_Conferences VALUES('20150704','20150601','california','m6')
INSERT INTO Gaming_Conferences VALUES('20150204','20150105','rome','e0')
INSERT INTO Gaming_Conferences VALUES('20150304','20150205','milan','l15')



INSERT INTO Games VALUES('call of duty','20150505',3,4,2,5,2,2,1)
INSERT INTO Games VALUES('battlefield','20150404',3,4,2,5,2,2,1)
INSERT INTO Games VALUES('chess','20150102',3,4,2,5,2,2,1)
INSERT INTO Games VALUES('minecraft','20150203',3,4,2,5,2,2,2)
INSERT INTO Games VALUES('NFL 2015','20150101',3,4,2,5,2,2,2)
INSERT INTO Games VALUES('FIFA 2015','20150202',3,4,2,5,2,2,2)
INSERT INTO Games VALUES('NHL 2015','20150303',3,4,2,5,2,2,3)
INSERT INTO Games VALUES('GTA V','20150303',3,4,2,5,2,2,3)
INSERT INTO Games VALUES('GTA IV','20140225',3,4,2,5,2,2,3)


INSERT INTO Ratings VALUES(2,3,4,2,1,'zaher@gmail.com')
INSERT INTO Ratings VALUES(0,3,5,2,1,'ahmed@gmail.com')
INSERT INTO Ratings VALUES(2,3,5,2,1,'amr@gmail.com')

INSERT INTO Ratings VALUES(4,3,5,2,2,'karim@gmail.com')
INSERT INTO Ratings VALUES(2,3,2,2,2,'naguib@gmail.com')
INSERT INTO Ratings VALUES(2,3,5,2,2,'tarek@gmail.com')

INSERT INTO Ratings VALUES(2,3,2,2,3,'aly@gmail.com')
INSERT INTO Ratings VALUES(2,2,5,2,3,'shalaby@gmail.com')
INSERT INTO Ratings VALUES(4,4,5,2,3,'zaher@gmail.com')

INSERT INTO Ratings VALUES(2,1,5,2,4,'amr@gmail.com')
INSERT INTO Ratings VALUES(2,0,5,2,4,'zaher@gmail.com')
INSERT INTO Ratings VALUES(2,5,5,2,4,'aly@gmail.com')

INSERT INTO Ratings VALUES(2,3,5,2,5,'amr@gmail.com')
INSERT INTO Ratings VALUES(2,3,5,2,5,'zaher@gmail.com')
INSERT INTO Ratings VALUES(2,3,5,2,5,'aly@gmail.com')

INSERT INTO Ratings VALUES(2,3,5,2,6,'zaher@gmail.com')
INSERT INTO Ratings VALUES(2,3,5,2,6,'aly@gmail.com')
INSERT INTO Ratings VALUES(2,3,5,2,6,'amr@gmail.com')

INSERT INTO Ratings VALUES(2,3,5,2,7,'zaher@gmail.com')
INSERT INTO Ratings VALUES(2,3,5,2,7,'naguib@gmail.com')
INSERT INTO Ratings VALUES(2,3,5,2,7,'zaher@gmail.com')

INSERT INTO Ratings VALUES(2,3,5,2,7,'zaher@gmail.com')
INSERT INTO Ratings VALUES(2,3,5,2,7,'naguib@gmail.com')
INSERT INTO Ratings VALUES(2,3,5,2,7,'aly@gmail.com')

INSERT INTO Ratings VALUES(2,3,5,2,8,'zaher@gmail.com')
INSERT INTO Ratings VALUES(2,3,5,2,8,'naguib@gmail.com')
INSERT INTO Ratings VALUES(2,3,5,2,8,'amr@gmail.com')

INSERT INTO Ratings VALUES(2,3,5,2,9,'amr@gmail.com')
INSERT INTO Ratings VALUES(2,3,5,2,9,'naguib@gmail.com')
INSERT INTO Ratings VALUES(2,3,5,2,9,'aly@gmail.com')





INSERT INTO Game_Videos VALUES(1,'folder_1')
INSERT INTO Game_Videos VALUES(1,'folder_2')

INSERT INTO Game_Videos VALUES(2,'folder_3')
INSERT INTO Game_Videos VALUES(2,'folder_4')

INSERT INTO Game_Videos VALUES(3,'folder_5')
INSERT INTO Game_Videos VALUES(3,'folder_6')

INSERT INTO Game_Videos VALUES(4,'folder_7')
INSERT INTO Game_Videos VALUES(4,'folder_8')

INSERT INTO Game_Videos VALUES(5,'folder_9')
INSERT INTO Game_Videos VALUES(5,'folder_10')

INSERT INTO Game_Videos VALUES(6,'folder_11')
INSERT INTO Game_Videos VALUES(6,'folder_12')

INSERT INTO Game_Videos VALUES(7,'folder_13')
INSERT INTO Game_Videos VALUES(7,'folder_14')

INSERT INTO Game_Videos VALUES(8,'folder_1')
INSERT INTO Game_Videos VALUES(8,'folder_2')

INSERT INTO Game_Videos VALUES(9,'folder_1')
INSERT INTO Game_Videos VALUES(9,'folder_2')

INSERT INTO Game_Screenshots VALUES (1,'pic_11')
INSERT INTO Game_Screenshots VALUES (1,'pic_12')

INSERT INTO Game_Screenshots VALUES (2,'pic_21')
INSERT INTO Game_Screenshots VALUES (2,'pic_22')

INSERT INTO Game_Screenshots VALUES (3,'pic_31')
INSERT INTO Game_Screenshots VALUES (3,'pic_32')

INSERT INTO Game_Screenshots VALUES (4,'pic_41')
INSERT INTO Game_Screenshots VALUES (4,'pic_42')

INSERT INTO Game_Screenshots VALUES (5,'pic_51')
INSERT INTO Game_Screenshots VALUES (5,'pic_52')

INSERT INTO Game_Screenshots VALUES (6,'pic_61')
INSERT INTO Game_Screenshots VALUES (6,'pic_62')

INSERT INTO Game_Screenshots VALUES (7,'pic_71')
INSERT INTO Game_Screenshots VALUES (7,'pic_72')

INSERT INTO Game_Screenshots VALUES (8,'pic_81')
INSERT INTO Game_Screenshots VALUES (8,'pic_82')

INSERT INTO Game_Screenshots VALUES (9,'pic_111')
INSERT INTO Game_Screenshots VALUES (9,'pic_1112')


INSERT INTO Strategy_Games VALUES(3,0)
INSERT INTO Strategy_Games VALUES(4,1)

INSERT INTO Action_Games VALUES(1,'fight')
INSERT INTO Action_Games VALUES(2,'war')

INSERT INTO Sport_Games VALUES (5,'football')
INSERT INTO Sport_Games VALUES (6,'soccer')
INSERT INTO Sport_Games VALUES (7,'hockey')

INSERT INTO RPG_Games VALUES (8,1,0)
INSERT INTO RPG_Games VALUES (9,1,0)


INSERT INTO Communities VALUES('Action Games','This community is created to discuss any action game','action games',1,'zaher@gmail.com')
INSERT INTO Communities VALUES('Sport Games','This community is created to discuss any sport game','sporta',1,'tarek@gmail.com')
INSERT INTO Communities VALUES ('RPG','This is RPG','RPGGGG',0,'zaher@gmail.com')
INSERT INTO Communities VALUES ('COMEDY','This is COMEDY','COMEDIA',0,'tarek@gmail.com')

INSERT INTO Topics Values('Fifa 15','Fifa 15 glitches',2,'tarek@gmail.com')
INSERT INTO Topics Values('NHL 15','NHL 15 glitches',2,'tarek@gmail.com')
INSERT INTO Topics Values('NHL 15','NFL 15 glitches',2,'ahmed@gmail.com')

INSERT INTO Topics Values('Battlefield','Battlefield glitches',1,'amr@gmail.com')
INSERT INTO Topics Values('call of duty','call of duty glitches',1,'naguib@gmail.com')
INSERT INTO Topics Values('Battlefield vs call of duty','comparison between Battlefield and call of duty',1,'karim@gmail.com')


INSERT INTO Gaming_Conference_Reviews VALUES('this conference was good','zaher@gmail.com',1)
INSERT INTO Gaming_Conference_Reviews VALUES('this conference was not  good','tarek@gmail.com',1)

INSERT INTO Gaming_Conference_Reviews VALUES('this conference was good','karim@gmail.com',2)
INSERT INTO Gaming_Conference_Reviews VALUES('this conference was not  good','naguib@gmail.com',2)

INSERT INTO Gaming_Conference_Reviews VALUES('this conference was good','zaher@gmail.com',3)
INSERT INTO Gaming_Conference_Reviews VALUES('this conference was not  good','tarek@gmail.com',3)

INSERT INTO Gaming_Conference_Reviews VALUES('this conference was good','karim@gmail.com',4)
INSERT INTO Gaming_Conference_Reviews VALUES('this conference was not  good','naguib@gmail.com',4)

INSERT INTO Gaming_Conference_Reviews VALUES('this conference was good','zaher@gmail.com',5)
INSERT INTO Gaming_Conference_Reviews VALUES('this conference was not  good','karim@gmail.com',5)

INSERT INTO Comments VALUES('yes','ahmed@gmail.com')
INSERT INTO Comments VALUES('not bad','tarek@gmail.com')
INSERT INTO Comments VALUES('yes','amr@gmail.com')
INSERT INTO Comments VALUES('not bad','aly@gmail.com')
INSERT INTO Comments VALUES('yes','zaher@gmail.com')
INSERT INTO Comments VALUES('not bad','zaher@gmail.com')
INSERT INTO Comments VALUES('yes','aly@gmail.com')
INSERT INTO Comments VALUES('not bad','tarek@gmail.com')
INSERT INTO Comments VALUES('not bad','ahmed@gmail.com')
INSERT INTO Comments VALUES('yes','karim@gmail.com')
INSERT INTO Comments VALUES('yes','aly@gmail.com')
INSERT INTO Comments VALUES('not bad','tarek@gmail.com')
INSERT INTO Comments VALUES('yea','shalaby@gmail.com')
INSERT INTO Comments VALUES('yes','aly@gmail.com')
INSERT INTO Comments VALUES('not bad','tarek@gmail.com')
INSERT INTO Comments VALUES('yes','ahmed@gmail.com')
INSERT INTO Comments VALUES('yes','karim@gmail.com')
INSERT INTO Comments VALUES('not bad','shalaby@gmail.com')
INSERT INTO Comments VALUES('yes','zaher@gmail.com')
INSERT INTO Comments VALUES('yes','tarek@gmail.com')
INSERT INTO Comments VALUES('not bad','naguib@gmail.com')
INSERT INTO Comments VALUES('not bad','shalaby@gmail.com')
INSERT INTO Comments VALUES('yes','aly@gmail.com')
INSERT INTO Comments VALUES('not bad','tarek@gmail.com')
INSERT INTO Comments VALUES('yes','ahmed@gmail.com')
INSERT INTO Comments VALUES('yes','shalaby@gmail.com')
INSERT INTO Comments VALUES('not bad','zaher@gmail.com')
INSERT INTO Comments VALUES('yes','tarek@gmail.com')
INSERT INTO Comments VALUES('yes','ahmed@gmail.com')


INSERT INTO Reviews VALUES('nice game ','ahmed@gmail.com',1)
INSERT INTO Reviews VALUES('bad game ','ahmed@gmail.com',2)
INSERT INTO Reviews VALUES('awesome game ','ahmed@gmail.com',3)
INSERT INTO Reviews VALUES('nice game ','ahmed@gmail.com',4)
INSERT INTO Reviews VALUES('bad game ','ahmed@gmail.com',5)
INSERT INTO Reviews VALUES('awesome game ','ahmed@gmail.com',6)
INSERT INTO Reviews VALUES('nice game ','ahmed@gmail.com',7)
INSERT INTO Reviews VALUES('bad game ','ahmed@gmail.com',8)
INSERT INTO Reviews VALUES('awesome game ','ahmed@gmail.com',9)

INSERT INTO Reviews VALUES('nice game ','karim@gmail.com',9)
INSERT INTO Reviews VALUES('bad game ','karim@gmail.com',8)
INSERT INTO Reviews VALUES('awesome game ','karim@gmail.com',7)
INSERT INTO Reviews VALUES('nice game ','karim@gmail.com',6)
INSERT INTO Reviews VALUES('bad game ','karim@gmail.com',5)
INSERT INTO Reviews VALUES('awesome game ','karim@gmail.com',4)
INSERT INTO Reviews VALUES('nice game ','karim@gmail.com',3)
INSERT INTO Reviews VALUES('bad game ','karim@gmail.com',2)
INSERT INTO Reviews VALUES('awesome game ','karim@gmail.com',1)

INSERT INTO Reviews VALUES('nice game ','amr@gmail.com',1)
INSERT INTO Reviews VALUES('bad game ','amr@gmail.com',3)
INSERT INTO Reviews VALUES('awesome game ','amr@gmail.com',5)
INSERT INTO Reviews VALUES('nice game ','amr@gmail.com',7)
INSERT INTO Reviews VALUES('bad game ','amr@gmail.com',9)
INSERT INTO Reviews VALUES('awesome game ','amr@gmail.com',8)
INSERT INTO Reviews VALUES('nice game ','amr@gmail.com',6)
INSERT INTO Reviews VALUES('bad game ','amr@gmail.com',4)
INSERT INTO Reviews VALUES('awesome game ','amr@gmail.com',2)

INSERT INTO Comments_on_Reviews VALUES(1,1)
INSERT INTO Comments_on_Reviews VALUES(2,2)
INSERT INTO Comments_on_Reviews VALUES(3,7)
INSERT INTO Comments_on_Reviews VALUES(4,8)
INSERT INTO Comments_on_Reviews VALUES(5,16)
INSERT INTO Comments_on_Reviews VALUES(6,14)
INSERT INTO Comments_on_Reviews VALUES(7,20)
INSERT INTO Comments_on_Reviews VALUES(8,25)
INSERT INTO Comments_on_Reviews VALUES(9,12)

INSERT INTO Comments_on_Topic VALUES(10,1)
INSERT INTO Comments_on_Topic VALUES(11,2)
INSERT INTO Comments_on_Topic VALUES(12,3)
INSERT INTO Comments_on_Topic VALUES(13,4)
INSERT INTO Comments_on_Topic VALUES(14,1)
INSERT INTO Comments_on_Topic VALUES(15,2)
INSERT INTO Comments_on_Topic VALUES(16,5)
INSERT INTO Comments_on_Topic VALUES(17,3)
INSERT INTO Comments_on_Topic VALUES(18,6)
INSERT INTO Comments_on_Topic VALUES(19,6)




INSERT INTO Comments_on_Gaming_Conference_Reviews VALUES(20,1)
INSERT INTO Comments_on_Gaming_Conference_Reviews VALUES(21,2)
INSERT INTO Comments_on_Gaming_Conference_Reviews VALUES(23,6)
INSERT INTO Comments_on_Gaming_Conference_Reviews VALUES(25,8)
INSERT INTO Comments_on_Gaming_Conference_Reviews VALUES(24,9)



INSERT INTO Development_Teams_develops_Games VALUES(1,'naguib@gmail.com')
INSERT INTO Development_Teams_develops_Games VALUES(2,'shalaby@gmail.com')
INSERT INTO Development_Teams_develops_Games VALUES(3,'naguib@gmail.com')
INSERT INTO Development_Teams_develops_Games VALUES(4,'shalaby@gmail.com')
INSERT INTO Development_Teams_develops_Games VALUES(5,'naguib@gmail.com')
INSERT INTO Development_Teams_develops_Games VALUES(6,'shalaby@gmail.com')
INSERT INTO Development_Teams_develops_Games VALUES(7,'naguib@gmail.com')
INSERT INTO Development_Teams_develops_Games VALUES(8,'shalaby@gmail.com')
INSERT INTO Development_Teams_develops_Games VALUES(7,'shalaby@gmail.com')
INSERT INTO Development_Teams_develops_Games VALUES(4,'naguib@gmail.com')
INSERT INTO Development_Teams_develops_Games VALUES(9,'naguib@gmail.com')

INSERT INTO Game_presented_in_Conference VALUES (1,1)
INSERT INTO Game_presented_in_Conference VALUES (2,1)
INSERT INTO Game_presented_in_Conference VALUES (3,2)
INSERT INTO Game_presented_in_Conference VALUES (4,2)
INSERT INTO Game_presented_in_Conference VALUES (5,3)
INSERT INTO Game_presented_in_Conference VALUES (6,3)
INSERT INTO Game_presented_in_Conference VALUES (7,4)
INSERT INTO Game_presented_in_Conference VALUES (8,4)
INSERT INTO Game_presented_in_Conference VALUES (9,5)
INSERT INTO Game_presented_in_Conference VALUES (7,5)
INSERT INTO Game_presented_in_Conference VALUES (4,5)


INSERT INTO Members_add_Members VALUES('tarek@gmail.com','zaher@gmail.com',1)


INSERT INTO Normal_User_sends_Thread VALUES('tarek@gmail.com','zaher@gmail.com','ezayak 3amel eh')
INSERT INTO Normal_User_sends_Thread VALUES('zaher@gmail.com','tarek@gmail.com','tamam')


INSERT INTO Normal_User_recommends_Game VALUES(1,'tarek@gmail.com','zaher@gmail.com')
INSERT INTO Normal_User_recommends_Game VALUES(2,'zaher@gmail.com','tarek@gmail.com')
INSERT INTO Normal_User_recommends_Game VALUES(3,'tarek@gmail.com','zaher@gmail.com')
INSERT INTO Normal_User_recommends_Game VALUES(4,'zaher@gmail.com','tarek@gmail.com')



INSERT INTO Community_has_Members VALUES(1,'shalaby@gmail.com')
INSERT INTO Community_has_Members VALUES(2,'karim@gmail.com')
INSERT INTO Community_has_Members VALUES(1,'ahmed@gmail.com')
INSERT INTO Community_has_Members VALUES(2,'aly@gmail.com')
INSERT INTO Community_has_Members VALUES(1,'zaher@gmail.com')
INSERT INTO Community_has_Members VALUES(2,'tarek@gmail.com')



INSERT INTO Game_Conference_attended_by_Member VALUES(1,'zaher@gmail.com')
INSERT INTO Game_Conference_attended_by_Member VALUES(2,'zaher@gmail.com')
INSERT INTO Game_Conference_attended_by_Member VALUES(3,'zaher@gmail.com')
INSERT INTO Game_Conference_attended_by_Member VALUES(4,'tarek@gmail.com')
INSERT INTO Game_Conference_attended_by_Member VALUES(5,'tarek@gmail.com')
INSERT INTO Game_Conference_attended_by_Member VALUES(1,'tarek@gmail.com')
INSERT INTO Game_Conference_attended_by_Member VALUES(2,'ahmed@gmail.com')
INSERT INTO Game_Conference_attended_by_Member VALUES(3,'ahmed@gmail.com')
INSERT INTO Game_Conference_attended_by_Member VALUES(4,'ahmed@gmail.com')
INSERT INTO Game_Conference_attended_by_Member VALUES(5,'amr@gmail.com')
INSERT INTO Game_Conference_attended_by_Member VALUES(1,'amr@gmail.com')
INSERT INTO Game_Conference_attended_by_Member VALUES(2,'amr@gmail.com')
INSERT INTO Game_Conference_attended_by_Member VALUES(3,'karim@gmail.com')
INSERT INTO Game_Conference_attended_by_Member VALUES(4,'karim@gmail.com')
INSERT INTO Game_Conference_attended_by_Member VALUES(5,'karim@gmail.com')
INSERT INTO Game_Conference_attended_by_Member VALUES(1,'naguib@gmail.com')
INSERT INTO Game_Conference_attended_by_Member  VALUES(2,'naguib@gmail.com')
INSERT INTO Game_Conference_attended_by_Member  VALUES(3,'aly@gmail.com')
INSERT INTO Game_Conference_attended_by_Member  VALUES(4,'shalaby@gmail.com')






